venue_id,date,horizon_days,model,p10,p50,p90,weather_source,temp_mean,precip_sum,weathercode_str,is_holiday,holiday_name,generated_at
2,2026-09-04,1,baseline,64.644,178.824,297.482,forecast,12.987,0.1,overcast,False,,2026-09-02T21:48:42Z
2,2026-09-05,2,baseline,44.65,123.516,205.475,forecast,10.588,5.33,overcast,False,,2026-09-02T21:48:42Z
2,2026-09-06,3,baseline,48.625,134.511,223.765,forecast,8.742,2.6,overcast,False,,2026-09-02T21:48:42Z
2,2026-09-07,4,baseline,8.432,23.325,38.802,forecast,8.8,0.0,clear,False,,2026-09-02T21:48:42Z
2,2026-09-08,5,baseline,67.722,187.338,311.645,forecast,12.375,9.9,overcast,False,,2026-09-02T21:48:42Z
2,2026-09-09,6,baseline,58.166,160.905,267.673,forecast,12.013,2.2,overcast,False,,2026-09-02T21:48:42Z
2,2026-09-10,7,baseline,51.588,142.708,237.4,forecast,14.075,10.6,moderate_drizzle,False,,2026-09-02T21:48:42Z
2,2026-09-11,8,baseline,68.63,162.48,341.435,forecast,14.379,4.0,light_drizzle,False,,2026-09-02T21:48:42Z
2,2026-09-12,9,baseline,56.396,133.517,280.572,forecast,13.708,0.0,overcast,False,,2026-09-02T21:48:42Z
2,2026-09-13,10,baseline,65.966,156.172,328.18,forecast,11.429,0.0,mainly_clear,False,,2026-09-02T21:48:42Z
2,2026-09-14,11,baseline,8.308,19.67,41.335,forecast,10.875,0.0,fog,False,,2026-09-02T21:48:42Z
2,2026-09-15,12,baseline,93.716,221.872,466.24,forecast,10.321,0.0,clear,False,,2026-09-02T21:48:42Z
2,2026-09-16,13,baseline,94.193,223.0,468.61,forecast,10.479,0.0,clear,False,,2026-09-02T21:48:42Z
2,2026-09-17,14,baseline,58.437,138.349,290.725,forecast,8.9,0.0,clear,False,,2026-09-02T21:48:42Z
2,2026-09-18,15,baseline,61.257,133.879,312.643,forecast,,0.0,,False,,2026-09-02T21:48:42Z
2,2026-09-19,16,baseline,58.549,127.962,298.826,climatology,9.366,1.49,overcast,False,,2026-09-02T21:48:42Z
2,2026-09-20,17,baseline,52.479,114.694,267.841,climatology,8.94,2.43,overcast,False,,2026-09-02T21:48:42Z
2,2026-09-21,18,baseline,10.726,23.443,54.745,climatology,8.292,3.42,overcast,False,,2026-09-02T21:48:42Z
2,2026-09-22,19,baseline,75.677,165.395,386.243,climatology,9.32,1.03,overcast,False,,2026-09-02T21:48:42Z
2,2026-09-23,20,baseline,76.409,166.995,389.979,climatology,8.763,1.42,overcast,False,,2026-09-02T21:48:42Z
2,2026-09-24,21,baseline,63.216,138.161,322.643,climatology,8.83,1.58,overcast,False,,2026-09-02T21:48:42Z
2,2026-09-25,22,baseline,66.361,145.034,338.694,climatology,9.485,1.85,overcast,False,,2026-09-02T21:48:42Z
2,2026-09-26,23,baseline,59.166,129.31,301.974,climatology,9.462,2.76,overcast,False,,2026-09-02T21:48:42Z
2,2026-09-27,24,baseline,44.303,96.826,226.115,climatology,9.33,2.88,overcast,False,,2026-09-02T21:48:42Z
2,2026-09-28,25,baseline,8.955,19.572,45.707,climatology,8.968,1.48,overcast,False,,2026-09-02T21:48:42Z
2,2026-09-29,26,baseline,69.457,151.802,354.498,climatology,8.309,3.15,overcast,False,,2026-09-02T21:48:42Z
2,2026-09-30,27,baseline,70.638,154.381,360.522,climatology,8.24,2.65,overcast,False,,2026-09-02T21:48:42Z
2,2026-10-01,28,baseline,56.269,122.977,287.185,climatology,7.862,0.95,overcast,False,,2026-09-02T21:48:42Z
2,2026-10-02,29,baseline,56.119,122.651,286.422,climatology,6.852,1.3,overcast,False,,2026-09-02T21:48:42Z
2,2026-10-03,30,baseline,51.167,111.827,261.146,climatology,5.955,0.81,overcast,False,,2026-09-02T21:48:42Z
2,2026-09-04,1,prophet_xgb,20.639,172.697,325.518,forecast,12.987,0.1,overcast,False,,2026-09-02T21:48:42Z
2,2026-09-05,2,prophet_xgb,13.628,114.037,214.948,forecast,10.588,5.33,overcast,False,,2026-09-02T21:48:42Z
2,2026-09-06,3,prophet_xgb,14.053,117.592,221.649,forecast,8.742,2.6,overcast,False,,2026-09-02T21:48:42Z
2,2026-09-07,4,prophet_xgb,0.0,0.0,0.0,forecast,8.8,0.0,clear,False,,2026-09-02T21:48:42Z
2,2026-09-08,5,prophet_xgb,23.079,193.114,364.001,forecast,12.375,9.9,overcast,False,,2026-09-02T21:48:42Z
2,2026-09-09,6,prophet_xgb,17.279,144.585,272.529,forecast,12.013,2.2,overcast,False,,2026-09-02T21:48:42Z
2,2026-09-10,7,prophet_xgb,18.477,154.61,291.426,forecast,14.075,10.6,moderate_drizzle,False,,2026-09-02T21:48:42Z
2,2026-09-11,8,prophet_xgb,19.653,173.627,383.91,forecast,14.379,4.0,light_drizzle,False,,2026-09-02T21:48:42Z
2,2026-09-12,9,prophet_xgb,11.982,105.858,234.064,forecast,13.708,0.0,overcast,False,,2026-09-02T21:48:42Z
2,2026-09-13,10,prophet_xgb,10.202,90.131,199.289,forecast,11.429,0.0,mainly_clear,False,,2026-09-02T21:48:42Z
2,2026-09-14,11,prophet_xgb,0.0,0.0,0.0,forecast,10.875,0.0,fog,False,,2026-09-02T21:48:42Z
2,2026-09-15,12,prophet_xgb,18.889,166.883,368.997,forecast,10.321,0.0,clear,False,,2026-09-02T21:48:42Z
2,2026-09-16,13,prophet_xgb,15.766,139.285,307.975,forecast,10.479,0.0,clear,False,,2026-09-02T21:48:42Z
2,2026-09-17,14,prophet_xgb,12.52,110.609,244.57,forecast,8.9,0.0,clear,False,,2026-09-02T21:48:42Z
2,2026-09-18,15,prophet_xgb,33.976,123.16,292.028,forecast,,0.0,,False,,2026-09-02T21:48:42Z
2,2026-09-19,16,prophet_xgb,26.542,96.21,228.127,climatology,9.366,1.49,overcast,False,,2026-09-02T21:48:42Z
2,2026-09-20,17,prophet_xgb,18.608,67.453,159.938,climatology,8.94,2.43,overcast,False,,2026-09-02T21:48:42Z
2,2026-09-21,18,prophet_xgb,0.0,0.0,0.0,climatology,8.292,3.42,overcast,False,,2026-09-02T21:48:42Z
2,2026-09-22,19,prophet_xgb,37.822,137.098,325.077,climatology,9.32,1.03,overcast,False,,2026-09-02T21:48:42Z
2,2026-09-23,20,prophet_xgb,30.58,110.85,262.838,climatology,8.763,1.42,overcast,False,,2026-09-02T21:48:42Z
2,2026-09-24,21,prophet_xgb,29.174,105.751,250.748,climatology,8.83,1.58,overcast,False,,2026-09-02T21:48:42Z
2,2026-09-25,22,prophet_xgb,35.633,129.166,306.269,climatology,9.485,1.85,overcast,False,,2026-09-02T21:48:42Z
2,2026-09-26,23,prophet_xgb,24.418,88.513,209.875,climatology,9.462,2.76,overcast,False,,2026-09-02T21:48:42Z
2,2026-09-27,24,prophet_xgb,14.407,52.223,123.828,climatology,9.33,2.88,overcast,False,,2026-09-02T21:48:42Z
2,2026-09-28,25,prophet_xgb,0.0,0.0,0.0,climatology,8.968,1.48,overcast,False,,2026-09-02T21:48:42Z
2,2026-09-29,26,prophet_xgb,31.06,112.59,266.965,climatology,8.309,3.15,overcast,False,,2026-09-02T21:48:42Z
2,2026-09-30,27,prophet_xgb,24.544,88.969,210.957,climatology,8.24,2.65,overcast,False,,2026-09-02T21:48:42Z
2,2026-10-01,28,prophet_xgb,18.236,66.104,156.74,climatology,7.862,0.95,overcast,False,,2026-09-02T21:48:42Z
2,2026-10-02,29,prophet_xgb,20.561,74.53,176.719,climatology,6.852,1.3,overcast,False,,2026-09-02T21:48:42Z
2,2026-10-03,30,prophet_xgb,9.956,36.089,85.572,climatology,5.955,0.81,overcast,False,,2026-09-02T21:48:42Z
